candidate	source	aS	ai	aj	bS	bi	bj	peak	RPM	rank	mfe	RNA	structure	aOrt	bOrt	a_mfe	a_structure	b_mfe	b_structure	free_structure	free_mfe	read	ak	al	bk	bl
c1	vRNAsite	7	391	415	8	603	628	-23.89	0	1	-36.2	GCGACGCAGGUACAGAGGCCAUGGUC&CUCCAUGGCCUCUGCUGCUUGCUCA	..((.(((((((((((((((((((..&..)))))))))))).))))))))).	R	R	-5.8	..(((.(((((......))).)))))	-1.0	......(((....))).........	...((.(((((((((((((((((((.......&..........)))))))))))).))))))))).	-36.2	0	0	0	0	0
	SPLASH	7	380	430	8	599	631	0.0	9877	13	-36.5	CCAUGGCCUCUGCUGCUUGCUCAC&GCGACGCAGGUACAGAGGCCAUGG	((((((((((((.(((((((((.(&).)).)))))))))))))))))))	A	A	0.0	.	0.0	.	.	0.0	500	393	416	603	626
c2	vRNAsite	2	301	332	4	1489	1519	-21.87	0	2	-33.7	GUCGCAUUCUGGGUUUCCCAAGAGCCAUCCG&AGCGGUUCCUCUUGGGAAUCCAGGAGUGUGUA	..((((((((.((.((((((((((....(((&..)))...)))))))))).)).))))))))..	U	U	-5.5	...((.((.((((...)))).))))......	-10.0	.(((....(((((((....)))))))..))).	.....((((((((.((.((((((((((....(((&..)))...)))))))))).)).))))))))...	-33.7	0	0	0	0	0
	SPLASH	2	301	335	4	1476	1530	0.0	9067	15	-34.9	CGGUUCCUCUUGGGAAUCCAGGAGUGUG&CGCAUUCUGGGUUUCCCAAGAGCCAUCCG	(((...((((((((((.((.((((((((&)))))))).)).))))))))))....)))	A	A	0.0	.	0.0	.	.	0.0	459	303	330	1491	1519
c3	vRNAsite	2	160	181	8	607	629	-21.24	0	4	-29.0	CGCAGGUACAGAGGCCAUGGUCA&ACACCAUGGCCUCCACCAUGCU	.((((((...(((((((((((..&..))))))))))).))).))).	U	R	-2.8	..(((((......))).))....	-5.0	....(((((......)))))..	.((((((...(((((((((((...........&................))))))))))).))).))).	-29.0	0	0	0	0	0
	SPLASH	2	155	181	8	602	632	0.0	5018	41	-29.0	ACCAUGGCCUCCACCAUGC&GCAGGUACAGAGGCCAUGGU	(((((((((((.(((.(((&))))))...)))))))))))	A	A	0.0	.	0.0	.	.	0.0	254	162	180	608	627
c4	vRNAsite	2	2030	2057	4	1471	1503	-19.76	0	15	-27.0	UCUCACUGGAAGCAGUGGGUCGCAUUCUGGGUU&UUCAAGGAAAGCCAUUGCUUCCAGGACA	..((.(((((((((((((.(....((((..(..&..)..))))).)))))))))))))))..	U	U	-9.4	.(((((((....)))))))..............	-5.9	.((..((((.((....))))))..))..	.....((.(((((((((((((.(....((((..(....&......)..))))).))))))))))))))).....	-27.0	0	0	0	0	0
	SPLASH	2	2027	2063	4	1459	1505	0.0	5689	36	-30.0	CAAGGAAAGCCAUUGCUUCCAGGACACAGUCU&GGACCAUGAUCUCACUGGAAGCAGUGGGUCGCAUUCUGGG	(..(((((.(((((((((((((((((..((((&))))..))...)).))))))))))))).)....))))..)	A	A	0.0	.	0.0	.	.	0.0	288	2032	2063	1462	1501
c5	vRNAsite	3	772	799	5	808	833	-19.69	0	16	-26.3	AUUGCUUUUUGUGCAGCAGUUUGAAA&AAUCAUCCAUUGCUGCACAAGAUGCAUU	..(((.((((((((((((((.(((..&..)))...)))))))))))))).)))..	U	U	-3.8	((((((........))))))......	-2.3	.............((((.....))))..	......(((.((((((((((((((.(((...&..)))...)))))))))))))).))).........	-26.3	0	0	0	0	0
	SPLASH	3	768	804	5	803	843	0.0	7428	25	-30.7	GGAAAUCAUCCAUUGCUGCACAAGAUGCA&UGCUUUUUGUGCAGCAGUUUGAAAUUUCC	((((((.....((((((((((((((.(((&))).)))))))))))))).....))))))	A	A	0.0	.	0.0	.	.	0.0	376	769	797	810	838
c6	vRNAsite	1	2058	2077	4	892	911	-19.53	0	20	-23.8	UGAGGUGAUGAUGCCGGACC&GAUCCGGCAUCAUUCAUUUU	.(((((((((((((((((..&..)))))))))).)))))))	R	U	-2.1	...(((......))).....	0.0	....................	.(((((((((((((((((........&..........)))))))))).)))))))	-23.8	0	0	0	0	0
	SPLASH	1	2045	2087	4	883	925	0.0	10569	11	-30.0	GGUCUGAUCCGGCAUCAUUCAUUUUACUCCAU&AUGCGUUUGAGGUGAUGAUGCCGGACCCAAAGCC	(((.((.((((((((((.((((((((..((((&))).)..))))))))))))))))))..))..)))	A	A	0.0	.	0.0	.	.	0.0	535	2053	2084	885	918
c7	vRNAsite	1	2185	2224	5	669	706	-19.22	0	27	-34.4	GGCAGGUCCAUACACACAGGCAGGCAGGCAGGACUUGU&CUGGGUUCUUCUCCUGUCUUCCUGAUGUGUACUUCUUGAU	..((((....((((((((((.(((((((.(((((((..&..)))))))...))))))).)))).))))))...))))..	U	R	-9.3	.((((((((.....................))))))))	-1.8	..(((.......)))(((.....)))..............	...((((....((((((((((.(((((((.(((((((.....&...)))))))...))))))).)))).))))))...))))........	-34.4	0	0	0	0	0
	SPLASH	1	2180	2228	5	666	712	0.0	6045	32	-37.8	UGCUGGGUUCUUCUCCUGUCUUCCUGAUGUGUACUUCUUG&CAGGUCCAUACACACAGGCAGGCAGGCAGGACUUGUGAGCA	(((((((((((...(((((((.((((.((((((...((((&))))....)))))))))).))))))).)))))))...))))	A	A	0.0	.	0.0	.	.	0.0	306	2183	2222	671	711
c8	vRNAsite	1	1271	1313	2	2235	2272	-19.03	0	31	-39.1	GGAUCUCCAGUAUAAGGGAAUGUGGUGCUUAUGGCAUU&AUUGCCCGUAAGCACCUCUUCCUCUCUCUUGACUGAUGAUCCG	(((((..((((.(((((((..(.(((((((((((((..&..)).))))))))))).)......)))))))))))..))))).	R	U	-5.4	.....(((........))).....(((((...))))).	-1.7	..(((......)))..((.((.((......))..)).))....	(((((..((((.(((((((..(.(((((((((((((...&...)).))))))))))).)......)))))))))))..))))).	-39.1	0	0	0	0	0
	SPLASH	1	1264	1304	2	2240	2278	0.0	10331	12	-27.7	AGAUUGCCCGUAAGCACCUCUUCCUCUCUCUUG&CAGUAUAAGGGAAUGUGGUGCUUAUGGCAUUUU	(((.((.(((((((((((.((((((.....(((&))).....))))).).))))))))))))).)))	A	A	0.0	.	0.0	.	.	0.0	523	1269	1301	2242	2274
c9	vRNAsite	1	1271	1313	2	2235	2272	-19.03	0	32	-39.1	GGAUCUCCAGUAUAAGGGAAUGUGGUGCUUAUGGCAUU&AUUGCCCGUAAGCACCUCUUCCUCUCUCUUGACUGAUGAUCCG	(((((..((((.(((((((..(.(((((((((((((..&..)).))))))))))).)......)))))))))))..))))).	U	R	-5.4	.....(((........))).....(((((...))))).	-1.7	..(((......)))..((.((.((......))..)).))....	(((((..((((.(((((((..(.(((((((((((((...&...)).))))))))))).)......)))))))))))..))))).	-39.1	0	0	0	0	0
	SPLASH	1	1264	1304	2	2240	2278	0.0	10331	12	-27.7	AGAUUGCCCGUAAGCACCUCUUCCUCUCUCUUG&CAGUAUAAGGGAAUGUGGUGCUUAUGGCAUUUU	(((.((.(((((((((((.((((((.....(((&))).....))))).).))))))))))))).)))	A	A	0.0	.	0.0	.	.	0.0	523	1269	1301	2242	2274
c10	vRNAsite	1	951	971	5	1001	1022	-18.98	0	34	-25.7	UAGGGAGAGUUGAACCUUGCAU&UCGAUAGGUUCAACUCCCCAA	..(((.(((((((((((..(..&..)..))))))))))))))..	R	R	-2.3	..(.(((........))).)..	0.0	.....................	....(((.(((((((((((..(..&..)..))))))))))))))....	-25.7	0	0	0	0	0
	SPLASH	1	940	984	5	993	1031	0.0	21394	2	-27.4	CAUUGUCGAUAGGUUCAACUCCCC&GGGAGAGUUGAACCUUGCAUCAGAG	(.(((..(..((((((((((((((&))).)))))))))))..)..))).)	A	A	0.0	.	0.0	.	.	0.0	1083	946	969	1003	1027
c11	vRNAsite	2	2038	2059	8	357	383	-18.96	0	36	-28.0	UAUGUCCUGGAAGAGAAGGCAAUGGUG&AAGCCAUUGCUUCCAGGACACA	..(((((((((......(((((((((.&..))))))))))))))))))..	U	U	-3.4	..((.(((........)))))......	-1.2	((((....))))..........	.......(((((((((......(((((((((.&......))))))))))))))))))......	-28.0	0	0	0	0	0
	SPLASH	2	2032	2072	8	345	383	0.0	13650	8	-32.0	GCCAUUGCUUCCAGGACACAGUCUGUU&AGCAGUAUGUCCUGGAAGAGAAGGCAAUGGU	((((((((((((((((((....(((((&)))))..)))))))))......)))))))))	A	A	0.0	.	0.0	.	.	0.0	691	2040	2066	352	382
c12	vRNAsite	2	310	340	6	915	945	-18.77	0	45	-33.3	CAUGCUAUACACACUUGCCUGGUUCCCAAAU&UCUUGGGAAUCCAGGAGUGUGUAGUUGCAAC	..(((..((((((((..((((((((((((..&..))))))).)))))))))))))...)))..	U	R	-1.1	((.((...........)).))..........	-6.7	((((((....))))))...............	.....(((..((((((((..((((((((((((........&.......))))))).)))))))))))))...)))..	-33.3	0	0	0	0	0
	SPLASH	2	304	342	6	912	956	0.0	18075	3	-38.4	GUUCCUCUUGGGAAUCCAGGAGUGUGUAGUUGCA&UGCUAUACACACUUGCCUGGUUCCCAAAUGAAAUGGAAC	((((((((((((((.(((((((((((((...(((&)))..))))))))..))))))))))))..))...)))))	A	A	0.0	.	0.0	.	.	0.0	915	305	338	917	955
c13	vRNAsite	1	1997	2022	6	282	308	-18.42	0	54	-26.3	UUGGAAUUAGGUGUGGACCAACCACCA&UGUUAUUGGUCCAUUCCUAUUCCACC	.((((((.(((.(((((((((..((..&.))..))))))))).)))))))))..	U	U	-5.7	.........((((.(......))))).	-0.7	.......((......)).........	.((((((.(((.(((((((((..((.....&.))..))))))))).)))))))))..	-26.3	0	0	0	0	0
	SPLASH	1	1993	2029	6	272	314	0.0	8415	18	-28.6	UAUUUGUUAUUGGUCCAUUCCUAUUCCACCAUGU&GCAAUUUGGAAUUAGGUGUGGACCAACCACCAAUG	((((.((..(((((((((.(((((((((...(((&)))...)))))).))).)))))))))..)).))))	A	A	0.0	.	0.0	.	.	0.0	426	1993	2026	277	311
c14	vRNAsite	1	1594	1613	4	1277	1297	-18.37	0	57	-24.8	CCCUCAUGGGAGCAUGCUGCC&CCCAGCAUGUUCCUUGAGUC	..((((.((((((((((((..&..))))))))))))))))..	R	R	-4.8	(((....))).(((...))).	0.0	....................	...((((.((((((((((((......&................))))))))))))))))...	-24.8	0	0	0	0	0
	SPLASH	1	1581	1623	4	1275	1305	0.0	8968	17	-24.8	CAGCAUGUUCCUUGAG&CUCAUGGGAGCAUGCUG	((((((((((((((((&)))).))))))))))))	A	A	0.0	.	0.0	.	.	0.0	454	1596	1611	1279	1295
c15	vRNAsite	1	1594	1613	4	1277	1297	-18.37	0	58	-24.8	CCCUCAUGGGAGCAUGCUGCC&CCCAGCAUGUUCCUUGAGUC	..((((.((((((((((((..&..))))))))))))))))..	R	U	-4.8	(((....))).(((...))).	0.0	....................	...((((.((((((((((((......&................))))))))))))))))...	-24.8	0	0	0	0	0
	SPLASH	1	1581	1623	4	1275	1305	0.0	8968	17	-24.8	CAGCAUGUUCCUUGAG&CUCAUGGGAGCAUGCUG	((((((((((((((((&)))).))))))))))))	A	A	0.0	.	0.0	.	.	0.0	454	1596	1611	1279	1295
c16	vRNAsite	2	2010	2024	3	109	123	-18.24	0	66	-23.5	AAACCCAGGGAUCAU&AAGAUCCCUGGGUGG	..(((((((((((..&..)))))))))))..	R	R	0.0	...............	0.0	...............	........(((((((((((......&......)))))))))))......	-23.5	0	0	0	0	0
	SPLASH	2	1993	2037	3	95	137	0.0	8060	19	-26.5	AGGCACGAGUUUUCAAAGAUCCCUGGGUGGGAUUCUUC&GAAGCAUUAAGCAAAACCCAGGGAUCAUUAAUCAGGCACU	((((..((.........(((((((((((..(((.((((&)))).))).......))))))))))).....))..)).))	A	A	0.0	.	0.0	.	.	0.0	408	1995	2032	96	135
c17	vRNAsite	1	349	368	4	1059	1078	-18.09	0	80	-26.3	CCGGGGUAAAUCUCCUGUUA&AUACAGGAGAAUUGCCCCUU	..(((((((.((((((((..&..)))))))).)))))))..	R	U	-4.2	..((((.....)))).....	-1.1	....(((.(......)))).	.....(((((((.((((((((..&....)))))))).)))))))....	-26.3	0	0	0	0	0
	SPLASH	1	338	382	4	1052	1090	0.0	6756	30	-26.7	UUAUAGUUGAAUACAGGAGAAUUGCCCC&GGGGUAAAUCUCCUGUUAUAAUUUGAA	((..(((((...((((((((.(((((((&))))))).))))))))..)))))..))	A	A	0.0	.	0.0	.	.	0.0	342	339	366	1061	1087
c18	vRNAsite	2	355	383	7	405	435	-18.0	0	83	-30.3	CUGCUUGCUCACUCGAUCCAGCCAUUUGCUC&UGCUCUUGGCUGGACCAUGAGCUGGCAUU	.((((.(((((...(.((((((((...((..&.))...)))))))).).))))).))))..	U	U	-2.2	..(((.(.((....)).).))).........	-9.1	.((((.(((.....))).)))).......	.((((.(((((...(.((((((((...((...&.))...)))))))).).))))).))))..	-30.3	0	0	0	0	0
	SPLASH	2	344	396	7	392	448	0.0	10727	10	-31.7	GCUCUUGGCUGGACCAUGAGCUGGCAUUACCACAGCAUUG&CAUGGCCUCUGCUGCUUGCUCACUCGAUCCAGCCAUUUGC	((...((((((((.(.(((((.((((........((..((&))..))......)))).)))))...).))))))))...))	A	A	0.0	.	0.0	.	.	0.0	543	356	395	394	433
c19	vRNAsite	1	1056	1078	7	832	855	-17.99	0	84	-25.4	CUUAGUCAGAGGUGACAGGAUUGG&AAAUUCAGAUCACCUCUGACUGC	..((((((((((((((.(((((..&.))))).).))))))))))))).	R	U	-4.3	(((.((((....))))))).....	-3.8	....(((((.....)))))....	..((((((((((((((.(((((..&.))))).).))))))))))))).	-25.4	0	0	0	0	0
	SPLASH	1	1054	1092	7	820	860	0.0	41267	1	-25.4	AAUUCAGAUCACCUCUGACUG&UAGUCAGAGGUGACAGGAUU	(((((.(.(((((((((((((&)))))))))))))).)))))	A	A	0.0	.	0.0	.	.	0.0	2089	1057	1077	834	853
c20	vRNAsite	2	975	1002	5	1059	1085	-17.78	0	105	-25.8	AAGAGCUCUUGUCCUCUGAUAAGUUGC&GCAAAAUCAUCAGAGGAUUGGAGUCCAU	..(.(((((.((((((((((...((((&))))....)))))))))).))))).)..	R	R	-5.2	....((.((((((....))))))..))	-3.2	..............((((....))))..	...(.(((((.((((((((((...((((&))))....)))))))))).))))).)..	-25.8	0	0	0	0	0
	SPLASH	2	969	1007	5	1051	1097	0.0	9502	14	-29.4	AUGAGAGCAAAAUCAUCAGAGGAUUGGAGUCCAUCCCAC&GUGCGAACAAGAGCUCUUGUCCUCUGAUAAGUUGCAUCAU	((((..((((....((((((((((.(((((...((.(((&))).))......))))).))))))))))...)))).))))	A	A	0.0	.	0.0	.	.	0.0	481	969	1007	1051	1090
c21	vRNAsite	2	2114	2144	4	87	117	-17.42	0	132	-30.4	UCCAGAAACUGAUUGCCCCCAGGGAGACCAA&UGGGUUAAGUUGGGGCGCCCCAGUUUCUGUG	..(((((((((...((((((((...((((..&..))))...)))))).))..)))))))))..	U	U	-2.9	.........((.((.(((...))).)).)).	-5.4	......((((((((....)))))))).....	....(((((((((...((((((((...((((......&.........))))...)))))).))..)))))))))..	-30.4	0	0	0	0	0
	SPLASH	2	2120	2150	4	73	111	0.0	9067	16	-27.3	UUGGGGCGCCCCAGUUUCUGUGUUUGUU&AACACAUCCAGAAACUGAUUGCCCCCAG	((((((.((..(((((((((.((.((((&)))).)).)))))))))...))))))))	A	A	0.0	.	0.0	.	.	0.0	459	2123	2150	81	108
c22	vRNAsite	5	354	378	8	603	628	-17.39	0	139	-28.7	GCGACGCAGGUACAGAGGCCAUGGUC&CCUUAUGGCCCAGUACCUGCUUCUC	..((.((((((((.(.((((((((..&..))))))))).)))))))).))..	U	U	-5.8	..(((.(((((......))).)))))	-0.2	((....)).................	..((.((((((((.(.((((((((..&...))))))))).)))))))).))..	-28.7	0	0	0	0	0
	SPLASH	5	346	394	8	600	632	0.0	6953	28	-29.9	UGGUCCUUAUGGCCCAGUACCUGCUUCUCAGUUCAAGUGU&ACGCGACGCAGGUACAGAGGCCAUGGUCA	(((.((..(((((((.((((((((.((.........((((&)))))).)))))))).).)))))))))))	A	A	0.0	.	0.0	.	.	0.0	352	350	389	601	629
c23	vRNAsite	2	2226	2249	6	118	144	-17.16	0	162	-25.4	CAAUACUGUUUGAGGUCCACCAUACUC&CUGUAUGGAGGAUCUCCAGUAUAA	..((((((...(((((((.((((((..&..)))))).)))))))))))))..	U	U	-0.5	...........(((..........)))	-6.0	.(((((((((...))))).)))).	..((((((...(((((((.((((((..&..)))))).)))))))))))))...	-25.4	0	0	0	0	0
	SPLASH	2	2221	2255	6	108	156	0.0	7131	26	-26.1	UGGCUGUAUGGAGGAUCUCCAGUAU&AUACUGUUUGAGGUCCACCAUACUCUA	(((..((((((.(((((((((((((&))))))...))))))).)))))).)))	A	A	0.0	.	0.0	.	.	0.0	361	2223	2247	120	146
c24	vRNAsite	1	1569	1598	4	802	826	-16.65	0	243	-24.6	GACUGGGUGUAUAUUCUGGUAAGGG&UCCCCUCCUGGAGUAUACAUCUGUUCCCAG	..(((((((((((((((((..((((&..)))).))))))))))))......)))))	U	U	-3.2	.((((((.......)))))).....	-3.1	.......((((.(.(((....))).)))))	...(((((((((((((((((..((((&..)))).))))))))))))......)))))	-24.6	0	0	0	0	0
	SPLASH	1	1559	1607	4	804	828	0.0	7586	22	-26.0	UCCCCUCCUGGAGUAUACAUCUGUUCCCAG&CUGGGUGUAUAUUCUGGUAAGGGA	((((...((((((((((((......(((((&)))))))))))))))))...))))	A	A	0.0	.	0.0	.	.	0.0	384	1569	1598	804	827
c25	vRNAsite	1	610	631	7	578	600	-16.46	0	299	-26.7	ACUUCAGUGGUCACAGCCCCCAU&UAGGGUUCUGGGACCACUGAAU	..((((((((((.(((..(((..&..)))..))).)))))))))).	R	U	-1.2	........(((....))).....	-4.3	(((((((....)))).)))...	..((((((((((.(((..(((..&...)))..))).)))))))))).	-26.7	0	0	0	0	0
	SPLASH	1	604	638	7	563	615	0.0	5788	35	-26.7	GGGUUCUGGGACCACUGAA&UUCAGUGGUCACAGCCCCC	(((..(((.((((((((((&)))))))))).)))..)))	A	A	0.0	.	0.0	.	.	0.0	293	612	630	580	598
c26	vRNAsite	6	1065	1083	7	921	941	-16.43	0	305	-22.4	GUCUCUGUGCGAUCUCGGCUU&UUGCCAGGAUCGCAUGACA	(((...(((((((((.(((..&..))).)))))))))))).	U	R	-1.0	........((.......))..	-0.9	.(((.......))).....	(((...(((((((((.(((....&...))).)))))))))))).	-22.4	0	0	0	0	0
	SPLASH	6	1060	1114	7	916	964	0.0	11141	9	-22.3	CUUGCCAGGAUCGCAUGAC&GUCUCUGUGCGAUCUCGGCUUUGAG	((((((.((((((((((((&)))...))))))))).)))...)))	A	A	0.0	.	0.0	.	.	0.0	564	1064	1082	921	945
c27	vRNAsite	1	955	971	3	78	95	-16.3	0	342	-21.2	AGGAAGGAGUUGAACCAA&UAGGUUCAACUCCCCAA	.((..(((((((((((..&..)))))))))))))..	U	R	0.0	..................	0.0	.................	.((..(((((((((((....&....)))))))))))))....	-21.2	0	0	0	0	0
	SPLASH	1	944	984	3	69	107	0.0	16416	4	-21.4	UGUCGAUAGGUUCAACUCCCC&GGAAGGAGUUGAACCAAGAAGCA	(((.....(((((((((((((&))..))))))))))).....)))	A	A	0.0	.	0.0	.	.	0.0	831	949	969	79	101
c28	vRNAsite	2	412	433	4	1230	1253	-16.28	0	350	-19.6	CCUCCUUCUCCGUCAGCCAUAGCA&CCUUAUGGCUGACAAAUGGAUU	..(((......(((((((((((..&..)))))))))))....)))..	U	R	-0.3	...............((....)).	-1.2	((...((.....))...))...	...(((......(((((((((((.......&........)))))))))))....))).....	-19.6	0	0	0	0	0
	SPLASH	2	395	445	4	1231	1265	0.0	5828	34	-30.0	UUUACAGACUCAAUCUCCUUAUGGCUGACAAAUGGAUUCAGGGG&CUCCUUCUCCGUCAGCCAUAGCAAAUUUCUGUAAA	((((((((...(((....(((((((((((....(((...(((((&)))))..))))))))))))))...)))))))))))	A	A	0.0	.	0.0	.	.	0.0	295	396	439	1231	1265
c29	vRNAsite	1	1102	1119	3	1406	1423	-16.13	0	394	-23.3	AAGUGGUCGUGGUGUUGU&AAAAUACCAUGGCCACAA	..((((((((((((((..&..))))))))))))))..	R	R	0.0	..................	0.0	..................	......((((((((((((((....&...))))))))))))))......	-23.3	0	0	0	0	0
	SPLASH	1	1083	1137	3	1400	1430	0.0	6855	29	-24.8	UUGUGAAAAUACCAUGGCCAC&GUGGUCGUGGUGUUGUUUUCAA	(((.(((((((((((((((((&)))))))))))))).))).)))	A	A	0.0	.	0.0	.	.	0.0	347	1097	1117	1408	1429
c30	vRNAsite	1	1587	1603	7	524	541	-16.01	0	433	-20.4	CGAUGCUGGGAGUCAGCA&AUCUGUUCCCAGCAUGU	..((((((((((.(((..&..)))))))))))))..	R	U	-5.3	...(((((.....)))))	-0.1	..(((....))).....	.......((((((((((.(((...&....)))))))))))))......	-20.4	0	0	0	0	0
	SPLASH	1	1583	1625	7	499	541	0.0	7546	23	-30.9	CUGUUCCCAGCAUGUUCCUUGAGUCAAAUGCAACA&UGUUGUCACCAUUUGCCUAUGAGACCGAUGCUGGGAGUCAG	(((((((((((((....(((.((.(((((((((((&)))))....)))))).))..)))....)))))))))).)))	A	A	0.0	.	0.0	.	.	0.0	382	1589	1623	499	539
c31	vRNAsite	5	685	709	7	390	415	-16.01	0	436	-22.1	CCUCCAUGGCCUCUGCUGCUUGCUCA&CAGGCAGGCAGGCAGGACUUGUGAG	.(((((.((.(.((((((((((((..&..)))))))).))))).)))).)))	R	R	-1.1	((.....)).....((.....))...	-3.2	...((((((......).)))))...	.(((((.((.(.((((((((((((........&...........)))))))).))))).)))).)))	-22.1	0	0	0	0	0
	SPLASH	5	681	719	7	391	445	0.0	6124	31	-28.9	AGGCAGGCAGGCAGGACUUGUGAGCAACCG&UGCUUGCUCACUCGAUCCAGCCAUUUGCUCCAUAGCCU	((((.(((((((.((((..((((((((.((&)).))))))))..).))).)))...)))).....))))	A	A	0.0	.	0.0	.	.	0.0	310	686	715	406	443
c32	vRNAsite	6	1092	1128	7	935	969	-15.83	0	500	-30.1	UCGGCUUUGAGGGGGCCUGACGGGAUGAUAGAGAG&UCUCUCGUCACCCAAAUGUCCCCACCAGCAGAAAGCC	..((((((..((((((.....(((.((((.(((((&.))))))))))))....))))))........))))))	R	R	-5.3	..((((((...))))))..................	-0.2	...........................((.....)).	......((((((..((((((.....(((.((((.(((((&.))))))))))))....))))))........))))))	-30.1	0	0	0	0	0
	SPLASH	6	1060	1114	7	916	964	0.0	11141	9	-22.3	CUUGCCAGGAUCGCAUGAC&GUCUCUGUGCGAUCUCGGCUUUGAG	((((((.((((((((((((&)))...))))))))).)))...)))	A	A	0.0	.	0.0	.	.	0.0	564	1064	1082	921	945
c33	vRNAsite	4	661	688	7	939	963	-15.67	0	557	-27.2	CUUUGAGGGGGCCUGACGGGAUGAU&UAUCAUUCCAGUCCAUCCCCCUUCAAUA	..(((((((((...(((((((((((&.)))))))).)))....)))))))))..	R	U	-2.2	((.(.(((...))).).))......	0.0	............................	....(((((((((...(((((((((((&.)))))))).)))....)))))))))....	-27.2	0	0	0	0	0
	SPLASH	4	650	690	7	935	971	0.0	14085	7	-33.6	UCUAUCAUUCCAGUCCAUCCCCCUUCAA&UUGAGGGGGCCUGACGGGAUGAUAGA	(((((((((((.(((....(((((((((&)))))))))...))))))))))))))	A	A	0.0	.	0.0	.	.	0.0	713	659	686	941	966
c34	vRNAsite	2	1464	1483	7	615	635	-15.63	0	574	-23.6	GGCCCAUACAACUGGCAAGUG&ACAUUUGCCAGUUUGGCCUU	((((.....((((((((((((&.)))))))))))).))))..	R	U	-2.5	.(((.........))).....	-3.7	......((((...))))...	((((.....((((((((((((&.)))))))))))).))))....	-23.6	0	0	0	0	0
	SPLASH	2	1452	1488	7	605	643	0.0	6005	33	-26.4	CAUUUGCCAGUUUGGCCUU&GAGGCCCAUACAACUGGCAAGUG	((((((((((((.((((((&)))))).....))))))))))))	A	A	0.0	.	0.0	.	.	0.0	304	1465	1483	613	635
c35	vRNAsite	1	143	162	8	363	381	-15.45	0	659	-21.7	CUGGAAGAGAAGGCAAUGG&CACAUUAGCCUUCUCUCCUU	..(((.((((((((((((.&..)))).)))))))))))..	U	R	0.0	...................	0.0	....................	....(((.((((((((((((.&...)))).)))))))))))....	-21.7	0	0	0	0	0
	SPLASH	1	130	174	8	354	392	0.0	5018	40	-24.5	GCCCAAUUAGCACAUUAGCCUUCUCUCCUUUCGCA&UGUCCUGGAAGAGAAGGCAAUGGUGAAAUUUCGC	((..((((.((.((((.(((((((((((....(((&)))...))).))))))))))))))..))))..))	A	A	0.0	.	0.0	.	.	0.0	254	133	167	359	392
c36	vRNAsite	6	1060	1073	7	624	637	-15.44	0	662	-18.9	AACUGGCAAGUGCA&AACACUUGCCAGGA	..((((((((((..&..))))))))))..	U	U	-0.8	.(((....)))...	0.0	..............	........((((((((((.....&.............)))))))))).....	-18.9	0	0	0	0	0
	SPLASH	6	1052	1084	7	606	654	0.0	5630	37	-19.8	CACUUGCCAGGAUCGCAUGACA&UGUAUAUGAGGCCCAUACAACUGGCAAGUG	(((((((((((.((.(((((((&))).)))).)).)).......)))))))))	A	A	0.0	.	0.0	.	.	0.0	285	1062	1083	606	635
c37	vRNAsite	1	1304	1348	2	947	988	-15.09	0	863	-33.3	CUCAUGAUUUGGUGCAUUCACUAUGAGAGCAAAAUCAUCAGA&UGAUGAUCCGCUUGUUCUCUUAAAUGUGAAUCCACCAAAACUGAA	.(((.(.(((((((.((((((...((((((((.(((((((..&)))))))....))))))))......)))))).))))))).)))).	U	U	-10.1	((.(((((((..(((.((((...)))).)))))))))).)).	-2.2	....(((.(((..............))).))).............	.(((.(.(((((((.((((((...((((((((.(((((((...&)))))))....))))))))......)))))).))))))).)))).	-33.3	0	0	0	0	0
	SPLASH	1	1310	1350	2	946	990	0.0	7526	24	-28.6	UUGUUCUCUUAAAUGUGAAUCCACCAAAACUGAAGG&CCUCAUGAUUUGGUGCAUUCACUAUGAGAGCAA	((((((((......((((((.(((((((.((((.((&))))).).))))))).))))))...))))))))	A	A	0.0	.	0.0	.	.	0.0	381	1315	1350	946	978
c38	vRNAsite	1	1304	1348	2	947	988	-15.09	0	864	-33.3	CUCAUGAUUUGGUGCAUUCACUAUGAGAGCAAAAUCAUCAGA&UGAUGAUCCGCUUGUUCUCUUAAAUGUGAAUCCACCAAAACUGAA	.(((.(.(((((((.((((((...((((((((.(((((((..&)))))))....))))))))......)))))).))))))).)))).	R	R	-10.1	((.(((((((..(((.((((...)))).)))))))))).)).	-2.2	....(((.(((..............))).))).............	.(((.(.(((((((.((((((...((((((((.(((((((...&)))))))....))))))))......)))))).))))))).)))).	-33.3	0	0	0	0	0
	SPLASH	1	1310	1350	2	946	990	0.0	7526	24	-28.6	UUGUUCUCUUAAAUGUGAAUCCACCAAAACUGAAGG&CCUCAUGAUUUGGUGCAUUCACUAUGAGAGCAA	((((((((......((((((.(((((((.((((.((&))))).).))))))).))))))...))))))))	A	A	0.0	.	0.0	.	.	0.0	381	1315	1350	946	978
c39	vRNAsite	2	904	931	5	685	710	-15.09	0	867	-24.1	CAGGCAGGCAGGCAGGACUUGUGAGC&ACUUGCAGGUCCUGUAGAAUCUAUCCAC	..((.(((...((((((((((((((.&.))))))))))))))....)))..))..	R	R	-5.4	...((..(((((.....)))))..))	-3.4	..((((((...))))))...........	....((.(((...((((((((((((((.&.))))))))))))))....)))..))....	-24.1	0	0	0	0	0
	SPLASH	2	889	937	5	684	722	0.0	5156	39	-28.0	CUUGCAGGUCCUGUAGAAUCUAUCCACUCCUGC&GCAGGCAGGCAGGACUUGUGAG	((((((((((((((............(((((((&))))).))))))))))))))))	A	A	0.0	.	0.0	.	.	0.0	261	905	937	688	709
c40	vRNAsite	4	80	97	6	462	478	-14.93	0	960	-22.7	UUGUUUCUGGGUGUGUC&GAACACAUCCAGAAACUG	..((((((((((((((.&..))))))))))))))..	U	R	0.0	.................	0.0	..................	..((((((((((((((.&..))))))))))))))....	-22.7	0	0	0	0	0
	SPLASH	4	64	112	6	453	483	0.0	16297	5	-23.4	ACACAUCCAGAAACUGAU&GUCGUUGUUUCUGGGUGUGU	((((((((((((((((((&))))..))))))))))))))	A	A	0.0	.	0.0	.	.	0.0	825	82	99	458	477
c41	vRNAsite	1	1160	1176	3	221	237	-14.76	0	1076	-20.5	UCUUGAUUCAGCUGAAA&UAUCAGCUGAAUCAAUC	..(((((((((((((..&..)))))))))))))..	R	U	0.0	.................	0.0	.................	.....(((((((((((((......&.....)))))))))))))....	-20.5	0	0	0	0	0
	SPLASH	1	1147	1185	3	204	252	0.0	16218	6	-25.6	CACUCACUAUCAGCUGAAUCAAUCUCCUGGUU&AAGCAGUUUUCUUGAUUCAGCUGAAAAUCCUUCUAGUUGUG	(((..(((((((((((((((((....(((.((&)).))).....))))))))))))).........)))).)))	A	A	0.0	.	0.0	.	.	0.0	821	1153	1184	212	252
c42	vRNAsite	2	2083	2100	6	774	791	-14.51	0	1313	-17.1	GUCCUGAGGAUAUUUUGA&GCUCAUUAUCCUCAGGUA	..((((((((((...(((&..))).))))))))))..	U	R	-1.9	((((...)))).......	0.0	..................	......((((((((((...(((&..))).))))))))))....	-17.1	0	0	0	0	0
	SPLASH	2	2069	2113	6	766	810	0.0	6973	27	-26.4	CUUGGCUCAUUAUCCUCAGGUAGUGG&CCUGGGUCCUGAGGAUAUUUUGAGACCAUG	(.(((((((.((((((((((....((&)).....))))))))))...)))).))).)	A	A	0.0	.	0.0	.	.	0.0	353	2079	2104	769	798
c43	vRNAsite	2	2174	2190	4	73	90	-14.32	0	1493	-17.6	UCCAUUAGAACACAUCCA&UUGAUGUGUUCUGUUGA	..((.(((((((((((..&..))))))))))).)).	U	U	0.0	..................	0.0	.................	..((.(((((((((((....&.....))))))))))).)).	-17.6	0	0	0	0	0
	SPLASH	2	2165	2191	4	78	108	0.0	7783	20	-17.9	UUCUGAAUAUUGAUGUGUUCUG&UAGAACACAUCCAGAA	(((((......(((((((((((&))))))))))))))))	A	A	0.0	.	0.0	.	.	0.0	394	2165	2186	78	93
c44	vRNAsite	1	1625	1661	2	303	336	-14.27	0	1560	-23.9	CGGUUCCUCUUGGGAAUCCAGGAGUGUGUAGUUG&UUCAAUGUACACACUGCUUGUUCCACCAGCCACUGGG	((((..((..(((((...((((((((((((((((&..)))).)))))))).)))))))))..))..))))..	R	U	-9.5	......(((((((....)))))))..........	-3.7	.........................((((...)))).	.(((((((...)))))))((((((((((((((((&......)))).)))))))).)))).....((((...))))..	-26.3	0	0	0	0	0
	SPLASH	1	1597	1665	2	288	332	0.0	7586	21	-24.5	UACACACUGCUUGUUCCACCAGCCACUGGGAGGA&UCCUCUUGGGAAUCCAGGAGUGUGUA	((((((((.((.(((((.........((((((((&)))))))))))))..)).))))))))	A	A	0.0	.	0.0	.	.	0.0	384	1632	1665	307	332
c45	vRNAsite	1	1625	1661	2	303	336	-14.27	0	1562	-23.9	CGGUUCCUCUUGGGAAUCCAGGAGUGUGUAGUUG&UUCAAUGUACACACUGCUUGUUCCACCAGCCACUGGG	((((..((..(((((...((((((((((((((((&..)))).)))))))).)))))))))..))..))))..	U	R	-9.5	......(((((((....)))))))..........	-3.7	.........................((((...)))).	.(((((((...)))))))((((((((((((((((&......)))).)))))))).)))).....((((...))))..	-26.3	0	0	0	0	0
	SPLASH	1	1597	1665	2	288	332	0.0	7586	21	-24.5	UACACACUGCUUGUUCCACCAGCCACUGGGAGGA&UCCUCUUGGGAAUCCAGGAGUGUGUA	((((((((.((.(((((.........((((((((&)))))))))))))..)).))))))))	A	A	0.0	.	0.0	.	.	0.0	384	1632	1665	307	332
c46	vRNAsite	1	1641	1666	2	272	300	-14.1	0	1733	-20.8	AAUUCCCCUUUGGCUUGUGUUGAGAAUAG&CUUGUUCCACCAGCCACUGGGAGGAA	..(((((((.(((((.(((....(((((.&..)))))))).)))))..))).))))	R	U	-1.6	........((((((....)))))).....	-7.6	....((((.((((...))))..))))	..(((((((.(((((.(((....(((((.&..)))))))).)))))..))).))))	-20.8	0	0	0	0	0
	SPLASH	1	1597	1665	2	288	332	0.0	7586	21	-24.5	UACACACUGCUUGUUCCACCAGCCACUGGGAGGA&UCCUCUUGGGAAUCCAGGAGUGUGUA	((((((((.((.(((((.........((((((((&)))))))))))))..)).))))))))	A	A	0.0	.	0.0	.	.	0.0	384	1632	1665	307	332
c47	vRNAsite	1	1641	1666	2	272	300	-14.1	0	1734	-20.8	AAUUCCCCUUUGGCUUGUGUUGAGAAUAG&CUUGUUCCACCAGCCACUGGGAGGAA	..(((((((.(((((.(((....(((((.&..)))))))).)))))..))).))))	U	R	-1.6	........((((((....)))))).....	-7.6	....((((.((((...))))..))))	..(((((((.(((((.(((....(((((.&..)))))))).)))))..))).))))	-20.8	0	0	0	0	0
	SPLASH	1	1597	1665	2	288	332	0.0	7586	21	-24.5	UACACACUGCUUGUUCCACCAGCCACUGGGAGGA&UCCUCUUGGGAAUCCAGGAGUGUGUA	((((((((.((.(((((.........((((((((&)))))))))))))..)).))))))))	A	A	0.0	.	0.0	.	.	0.0	384	1632	1665	307	332
c48	vRNAsite	1	1586	1603	2	286	303	-12.51	0	5219	-15.1	UUGUGUUGAGAAUAGAGC&CAUCUGUUCCCAGCAUGU	..((((((.(((((((..&..))))))).))))))..	R	U	0.0	..................	-2.0	((((((....))).))).	..((((((.(((((((.....&.....))))))).))))))..	-15.1	0	0	0	0	0
	SPLASH	1	1597	1665	2	288	332	0.0	7586	21	-24.5	UACACACUGCUUGUUCCACCAGCCACUGGGAGGA&UCCUCUUGGGAAUCCAGGAGUGUGUA	((((((((.((.(((((.........((((((((&)))))))))))))..)).))))))))	A	A	0.0	.	0.0	.	.	0.0	384	1632	1665	307	332
c49	vRNAsite	1	1586	1603	2	286	303	-12.51	0	5225	-15.1	UUGUGUUGAGAAUAGAGC&CAUCUGUUCCCAGCAUGU	..((((((.(((((((..&..))))))).))))))..	U	R	0.0	..................	-2.0	((((((....))).))).	..((((((.(((((((.....&.....))))))).))))))..	-15.1	0	0	0	0	0
	SPLASH	1	1597	1665	2	288	332	0.0	7586	21	-24.5	UACACACUGCUUGUUCCACCAGCCACUGGGAGGA&UCCUCUUGGGAAUCCAGGAGUGUGUA	((((((((.((.(((((.........((((((((&)))))))))))))..)).))))))))	A	A	0.0	.	0.0	.	.	0.0	384	1632	1665	307	332
c50	vRNAsite	7	370	390	8	586	607	-12.35	0	5792	-15.2	CAUGUCAGUUAGGUAACGCGAC&UUGUCUAGCCUGACUAGCAAC	..(((.((((((((...((((.&))))...)))))))).)))..	R	R	-1.3	...(((.(((....)))..)))	-3.5	(((.((((.....))))))).	..(((.((((((((...((((.&))))...)))))))).))).....	-15.2	0	0	0	0	0
	SPLASH	7	380	430	8	599	631	0.0	9877	13	-36.5	CCAUGGCCUCUGCUGCUUGCUCAC&GCGACGCAGGUACAGAGGCCAUGG	((((((((((((.(((((((((.(&).)).)))))))))))))))))))	A	A	0.0	.	0.0	.	.	0.0	500	393	416	603	626
c51	vRNAsite	1	1231	1242	2	497	507	-11.95	0	7376	-15.0	AGGGAUGUGAA&CUUCAUAUCCCU	((((((((((.&..))))))))))	R	U	0.0	...........	0.0	............	((((((((((.&..))))))))))	-15.0	0	0	0	0	0
	SPLASH	1	1214	1260	2	488	522	0.0	5156	38	-25.1	CAACCAUUGUGAACUCUUCAUAUCCCUCAUGC&GCAGACUUCAGGGAUGUGAAGAUUCCGGAUAUUG	(((...(((.(((.(((((((((((((..(((&)))......)))))))))))))))))))...)))	A	A	0.0	.	0.0	.	.	0.0	261	1216	1247	488	521
c52	vRNAsite	1	1231	1242	2	497	507	-11.95	0	7378	-15.0	AGGGAUGUGAA&CUUCAUAUCCCU	((((((((((.&..))))))))))	U	R	0.0	...........	0.0	............	((((((((((.&..))))))))))	-15.0	0	0	0	0	0
	SPLASH	1	1214	1260	2	488	522	0.0	5156	38	-25.1	CAACCAUUGUGAACUCUUCAUAUCCCUCAUGC&GCAGACUUCAGGGAUGUGAAGAUUCCGGAUAUUG	(((...(((.(((.(((((((((((((..(((&)))......)))))))))))))))))))...)))	A	A	0.0	.	0.0	.	.	0.0	261	1216	1247	488	521
c53	vRNAsite	2	364	375	7	392	402	-11.65	0	8484	-10.1	UCCAUGGCCUC&CUGGACCAUGAG	..(((((((..&..)).)))))..	U	U	0.0	...........	0.0	............	.....(((((((..&..)).)))))...	-10.1	0	0	0	0	0
	SPLASH	2	344	396	7	392	448	0.0	10727	10	-31.7	GCUCUUGGCUGGACCAUGAGCUGGCAUUACCACAGCAUUG&CAUGGCCUCUGCUGCUUGCUCACUCGAUCCAGCCAUUUGC	((...((((((((.(.(((((.((((........((..((&))..))......)))).)))))...).))))))))...))	A	A	0.0	.	0.0	.	.	0.0	543	356	395	394	433
